{
  "timestamp": "2025-12-16T13:50:53.403033",
  "latency": 6.3602354526519775,
  "time_to_first_token": 6.3602354526519775,
  "total_time": 6.3602354526519775,
  "response_tokens": 142,
  "response_words": 67,
  "response_characters": 438,
  "avg_token_length": 3.084507042253521,
  "avg_word_tokens": 2.1194029850746268,
  "context_tokens": 591,
  "inference_speed": 22.32621748944709
}